keyword,volume,kd,cpc,intent,serp_top10
hubspot for startups,880,8,14.21,navigational,www.hubspot.com;www.linkedin.com;www.hubspot.com;creditforstartups.com;www.leanlabs.com;startupnv.org;lzcmarketing.com
sales playbook,720,4,36.06,informational,www.salesforce.com;www.pipedrive.com;thesalesplaybook.com;www.dialpad.com;www.reddit.com;www.rainsalestraining.com;www.highspot.com;business.linkedin.com;www.seismic.com
best crm for startups,480,12,108.34,commercial,www.reddit.com;www.salesforce.com;www.convergehub.com;www.hubspot.com;slack.com;www.zoho.com;monday.com;baserow.io
crm for startups,480,10,124.85,commercial,www.reddit.com;www.salesforce.com;slack.com;www.hubspot.com;www.convergehub.com;www.quickbase.com;www.zoho.com;baserow.io
founder sales,320,22,7.97,commercial,www.foundingsales.com;www.linkedin.com;www.reddit.com;www.amazon.com;www.kracov.co;www.hubspot.com;digital-library.cloudnet.com.kh;waveup.com
sales forecast template,320,0,12.52,informational,salesflare.com;www.smartsheet.com;asana.com;www.salesforce.com;zapier.com;excel.cloud.microsoft;sellingsignals.com;www.xactlycorp.com
founder led sales,210,10,,commercial,www.foundingsales.com;www.kracov.co;www.reddit.com;www.linkedin.com;www.hubspot.com;www.youtube.com;waveup.com;www.saastr.com;www.openvc.app
founder-led sales,210,10,,commercial,www.foundingsales.com;www.kracov.co;www.reddit.com;www.linkedin.com;www.hubspot.com;www.youtube.com;waveup.com;www.saastr.com;www.openvc.app
sales follow up,210,13,,informational,www.hubspot.com;www.reddit.com;www.artisan.co;spotio.com;www.invespcro.com;www.highspot.com;www.ringcentral.com;www.linkedin.com
pipeline coverage,170,3,1.4,informational,
pipeline coverage ratio,170,4,,informational,
quota attainment,170,0,53.64,informational,
sales playbook example,170,0,25.22,informational,
sales playbook template,140,11,12.43,informational,
crm data entry,110,0,20.58,commercial,
sales process template,110,0,10.62,informational,
startup crm,110,21,69.45,commercial,
founding account executive,90,0,,navigational,
founding ae,90,0,,informational,
board deck template,50,3,17.71,transactional,
crm adoption,50,4,,commercial,
repeatable sales process,50,0,,commercial,
sales capacity planning,50,0,,commercial,
sales tools for startups,50,3,71.12,commercial,
sales capacity model,40,0,,informational,
sales forecast accuracy,40,1,,informational,
deal review template,30,0,,informational,
pipeline meeting,30,29,,informational,
b2b sales playbook,20,14,33.38,commercial,
best crm for saas startups,20,12,77.9,commercial,
how to scale a sales team,20,0,11.87,informational,
hubspot startup discount,20,12,8.42,commercial,
sales pipeline review,20,23,,informational,
best crm for small startups,10,,,commercial,
building a sales team from scratch,10,42,,informational,
demo follow up email,10,5,,informational,
first sales hire,10,45,,informational,
first sales hire startup,10,,,navigational,
follow up after demo,10,,,informational,
follow up email after demo,10,32,,informational,
go to market startup,10,,17,commercial,
gtm for startups,10,4,12.18,commercial,
head of sales startup,10,,,navigational,
pipeline review template,10,18,,informational,
saas board deck,10,0,,transactional,
sales hiring plan,10,,,informational,
sales process for startups,10,,,commercial,
sales ramp time,10,,,informational,
series a metrics,10,0,,informational,
startup sales playbook,10,,,commercial,
startup sales process,10,,,commercial,
startup sales stack,10,,,navigational,
ae ramp time,0,,,,
crm for early stage startups,0,,,,
first ae hire,0,,,,
first vp of sales,0,,,,
founder led sales handoff,0,,,,
founder led sales playbook,0,,,,
founder led sales to sales team,0,,,,
hire first sales rep,0,,,,
hiring a founding ae,0,,,,
how to do sales as a founder,0,,,,
one person sales team,0,,,,
revops for startups,0,,,,
sales for technical founders,0,,,,
sales ops for startups,0,,,,
sales reps not using crm,0,,,,
sales stack for startups,0,,,,
sales team of one,0,,,,
salespeople hate crm,0,,,,
scaling founder led sales,0,,,,
scaling sales team startup,0,,,,
seed stage metrics,0,,,,
seed stage sales,0,,,,
series a board deck,0,,,,
series a go to market,0,,,,
series a sales,0,,,,
series a sales metrics,0,,,,
startup revops,0,,,,
technical founder sales,0,,,,
transition from founder led sales,0,,,,
vp sales hire startup,0,,,,
weekly pipeline review,0,,,,
when to hire first sales rep,0,,,,
when to hire vp of sales,0,,,,
when to hire your first ae,0,,,,
